-- phpMyAdmin SQL Dump
-- version 5.2.1
-- https://www.phpmyadmin.net/
--
-- Host: 127.0.0.1
-- Generation Time: May 30, 2025 at 03:59 PM
-- Server version: 10.4.32-MariaDB
-- PHP Version: 8.0.30

SET SQL_MODE = "NO_AUTO_VALUE_ON_ZERO";
START TRANSACTION;
SET time_zone = "+00:00";


/*!40101 SET @OLD_CHARACTER_SET_CLIENT=@@CHARACTER_SET_CLIENT */;
/*!40101 SET @OLD_CHARACTER_SET_RESULTS=@@CHARACTER_SET_RESULTS */;
/*!40101 SET @OLD_COLLATION_CONNECTION=@@COLLATION_CONNECTION */;
/*!40101 SET NAMES utf8mb4 */;

--
-- Database: `twitter_clone`
--

-- --------------------------------------------------------

--
-- Table structure for table `twitters_post_likes`
--

CREATE TABLE `twitters_post_likes` (
  `id` int(11) NOT NULL,
  `user_id` int(11) DEFAULT NULL,
  `post_id` int(11) DEFAULT NULL,
  `liked_id` int(11) NOT NULL,
  `likeable_type` enum('post','comment','reply') DEFAULT NULL,
  `created_at` timestamp NOT NULL DEFAULT current_timestamp(),
  `updated_at` timestamp NOT NULL DEFAULT current_timestamp() ON UPDATE current_timestamp()
) ENGINE=InnoDB DEFAULT CHARSET=utf8mb4 COLLATE=utf8mb4_general_ci;

--
-- Dumping data for table `twitters_post_likes`
--

INSERT INTO `twitters_post_likes` (`id`, `user_id`, `post_id`, `liked_id`, `likeable_type`, `created_at`, `updated_at`) VALUES
(7, 7, NULL, 2, 'comment', '2025-05-28 11:37:14', '2025-05-28 11:37:14'),
(8, 7, NULL, 1, 'comment', '2025-05-28 11:37:15', '2025-05-28 11:37:15'),
(15, 7, 39, 0, 'post', '2025-05-28 11:45:39', '2025-05-28 11:45:39'),
(16, 7, 48, 0, 'post', '2025-05-28 11:45:53', '2025-05-28 11:45:53'),
(37, 7, NULL, 9, 'comment', '2025-05-28 12:23:08', '2025-05-28 12:23:08'),
(38, 7, NULL, 52, 'reply', '2025-05-28 12:23:13', '2025-05-28 12:23:13'),
(39, 7, NULL, 46, 'reply', '2025-05-28 12:23:14', '2025-05-28 12:23:14'),
(40, 7, NULL, 45, 'reply', '2025-05-28 12:23:16', '2025-05-28 12:23:16'),
(42, 7, NULL, 32, 'reply', '2025-05-28 12:24:19', '2025-05-28 12:24:19'),
(43, 7, NULL, 33, 'reply', '2025-05-28 12:24:21', '2025-05-28 12:24:21'),
(44, 7, NULL, 34, 'reply', '2025-05-28 12:24:22', '2025-05-28 12:24:22'),
(45, 7, NULL, 35, 'reply', '2025-05-28 12:24:24', '2025-05-28 12:24:24'),
(46, 7, NULL, 36, 'reply', '2025-05-28 12:24:26', '2025-05-28 12:24:26'),
(47, 7, 63, 0, 'post', '2025-05-28 15:32:41', '2025-05-28 15:32:41'),
(48, 7, NULL, 17, 'comment', '2025-05-28 15:32:57', '2025-05-28 15:32:57'),
(49, 7, NULL, 16, 'comment', '2025-05-28 15:32:59', '2025-05-28 15:32:59'),
(50, 7, NULL, 71, 'reply', '2025-05-28 17:26:32', '2025-05-28 17:26:32'),
(51, 7, NULL, 70, 'reply', '2025-05-28 17:26:34', '2025-05-28 17:26:34'),
(52, 7, NULL, 75, 'reply', '2025-05-28 17:55:30', '2025-05-28 17:55:30'),
(53, 7, NULL, 74, 'reply', '2025-05-28 17:55:32', '2025-05-28 17:55:32'),
(54, 7, NULL, 73, 'reply', '2025-05-28 17:55:34', '2025-05-28 17:55:34'),
(55, 7, NULL, 72, 'reply', '2025-05-28 17:55:35', '2025-05-28 17:55:35'),
(56, 7, NULL, 69, 'reply', '2025-05-28 17:55:37', '2025-05-28 17:55:37'),
(57, 7, NULL, 68, 'reply', '2025-05-28 17:55:38', '2025-05-28 17:55:38'),
(58, 7, NULL, 64, 'reply', '2025-05-28 17:55:40', '2025-05-28 17:55:40'),
(59, 7, NULL, 63, 'reply', '2025-05-28 17:55:41', '2025-05-28 17:55:41'),
(60, 7, NULL, 62, 'reply', '2025-05-28 17:55:43', '2025-05-28 17:55:43'),
(61, 7, NULL, 61, 'reply', '2025-05-28 17:55:45', '2025-05-28 17:55:45'),
(62, 7, NULL, 60, 'reply', '2025-05-28 17:55:46', '2025-05-28 17:55:46'),
(63, 7, NULL, 59, 'reply', '2025-05-28 17:55:49', '2025-05-28 17:55:49'),
(64, 7, NULL, 58, 'reply', '2025-05-28 17:55:50', '2025-05-28 17:55:50'),
(65, 7, NULL, 57, 'reply', '2025-05-28 17:55:52', '2025-05-28 17:55:52'),
(66, 7, NULL, 18, 'reply', '2025-05-28 17:55:53', '2025-05-28 17:55:53'),
(67, 7, NULL, 17, 'reply', '2025-05-28 17:55:55', '2025-05-28 17:55:55'),
(69, 11, NULL, 18, 'comment', '2025-05-29 06:47:46', '2025-05-29 06:47:46'),
(72, 11, NULL, 12, 'reply', '2025-05-29 06:48:02', '2025-05-29 06:48:02'),
(73, 11, 62, 0, 'post', '2025-05-29 07:01:26', '2025-05-29 07:01:26'),
(76, 11, NULL, 111, 'reply', '2025-05-29 07:02:24', '2025-05-29 07:02:24'),
(80, 11, NULL, 35, 'comment', '2025-05-29 07:48:00', '2025-05-29 07:48:00'),
(84, 11, NULL, 11, 'reply', '2025-05-29 08:10:29', '2025-05-29 08:10:29'),
(90, 11, NULL, 112, 'reply', '2025-05-29 08:21:51', '2025-05-29 08:21:51'),
(97, 11, NULL, 116, 'reply', '2025-05-29 08:29:11', '2025-05-29 08:29:11'),
(98, 11, NULL, 115, 'reply', '2025-05-29 08:30:07', '2025-05-29 08:30:07'),
(99, 11, NULL, 119, 'reply', '2025-05-29 08:30:08', '2025-05-29 08:30:08'),
(100, 11, NULL, 124, 'reply', '2025-05-29 09:18:35', '2025-05-29 09:18:35'),
(101, 11, NULL, 125, 'reply', '2025-05-29 09:18:39', '2025-05-29 09:18:39'),
(102, 11, NULL, 128, 'reply', '2025-05-29 09:18:40', '2025-05-29 09:18:40'),
(103, 11, NULL, 130, 'reply', '2025-05-29 09:18:41', '2025-05-29 09:18:41'),
(104, 11, NULL, 129, 'reply', '2025-05-29 09:18:42', '2025-05-29 09:18:42'),
(105, 11, 10, 0, 'post', '2025-05-29 09:19:19', '2025-05-29 09:19:19'),
(107, 11, NULL, 39, 'comment', '2025-05-29 09:20:32', '2025-05-29 09:20:32'),
(108, 11, NULL, 139, 'reply', '2025-05-29 09:22:29', '2025-05-29 09:22:29'),
(109, 11, NULL, 138, 'reply', '2025-05-29 09:22:30', '2025-05-29 09:22:30'),
(110, 11, NULL, 137, 'reply', '2025-05-29 09:22:31', '2025-05-29 09:22:31'),
(111, 11, NULL, 141, 'reply', '2025-05-29 09:23:47', '2025-05-29 09:23:47'),
(112, 11, NULL, 140, 'reply', '2025-05-29 09:23:49', '2025-05-29 09:23:49'),
(113, 11, NULL, 145, 'reply', '2025-05-29 09:24:25', '2025-05-29 09:24:25'),
(114, 11, NULL, 144, 'reply', '2025-05-29 09:24:26', '2025-05-29 09:24:26'),
(115, 11, NULL, 143, 'reply', '2025-05-29 09:24:28', '2025-05-29 09:24:28'),
(116, 11, 53, 0, 'post', '2025-05-29 12:48:34', '2025-05-29 12:48:34'),
(117, 11, 52, 0, 'post', '2025-05-29 12:48:35', '2025-05-29 12:48:35'),
(121, 7, 106, 0, 'post', '2025-05-29 12:54:03', '2025-05-29 12:54:03'),
(122, 7, 29, 0, 'post', '2025-05-30 05:11:50', '2025-05-30 05:11:50'),
(123, 7, 31, 0, 'post', '2025-05-30 05:11:51', '2025-05-30 05:11:51'),
(125, 2, 109, 0, 'post', '2025-05-30 05:52:00', '2025-05-30 05:52:00'),
(127, 2, 50, 0, 'post', '2025-05-30 05:52:02', '2025-05-30 05:52:02'),
(128, 2, 49, 0, 'post', '2025-05-30 05:52:03', '2025-05-30 05:52:03'),
(129, 7, 21, 0, 'post', '2025-05-30 06:02:54', '2025-05-30 06:02:54'),
(130, 7, 45, 0, 'post', '2025-05-30 06:02:56', '2025-05-30 06:02:56'),
(131, 7, 55, 0, 'post', '2025-05-30 06:02:57', '2025-05-30 06:02:57'),
(132, 7, 11, 0, 'post', '2025-05-30 06:02:58', '2025-05-30 06:02:58'),
(133, 7, 6, 0, 'post', '2025-05-30 06:03:00', '2025-05-30 06:03:00'),
(134, 7, 50, 0, 'post', '2025-05-30 06:03:02', '2025-05-30 06:03:02'),
(135, 7, 54, 0, 'post', '2025-05-30 06:03:03', '2025-05-30 06:03:03'),
(136, 7, 33, 0, 'post', '2025-05-30 06:03:04', '2025-05-30 06:03:04'),
(137, 7, 62, 0, 'post', '2025-05-30 06:03:05', '2025-05-30 06:03:05'),
(138, 7, 114, 0, 'post', '2025-05-30 06:03:08', '2025-05-30 06:03:08'),
(139, 7, 10, 0, 'post', '2025-05-30 06:03:09', '2025-05-30 06:03:09'),
(140, 7, 111, 0, 'post', '2025-05-30 06:03:11', '2025-05-30 06:03:11'),
(141, 7, 112, 0, 'post', '2025-05-30 06:03:12', '2025-05-30 06:03:12'),
(142, 7, 110, 0, 'post', '2025-05-30 06:03:15', '2025-05-30 06:03:15'),
(143, 7, 101, 0, 'post', '2025-05-30 06:03:17', '2025-05-30 06:03:17'),
(144, 7, 113, 0, 'post', '2025-05-30 06:03:19', '2025-05-30 06:03:19'),
(145, 7, 12, 0, 'post', '2025-05-30 06:03:23', '2025-05-30 06:03:23'),
(146, 7, 105, 0, 'post', '2025-05-30 06:03:24', '2025-05-30 06:03:24'),
(147, 7, 109, 0, 'post', '2025-05-30 06:03:25', '2025-05-30 06:03:25'),
(148, 7, 60, 0, 'post', '2025-05-30 06:03:27', '2025-05-30 06:03:27'),
(149, 7, 52, 0, 'post', '2025-05-30 06:03:30', '2025-05-30 06:03:30'),
(150, 7, 26, 0, 'post', '2025-05-30 06:03:32', '2025-05-30 06:03:32'),
(151, 7, 56, 0, 'post', '2025-05-30 06:03:34', '2025-05-30 06:03:34'),
(152, 7, 20, 0, 'post', '2025-05-30 06:03:35', '2025-05-30 06:03:35'),
(153, 7, 49, 0, 'post', '2025-05-30 06:03:36', '2025-05-30 06:03:36'),
(154, 7, 57, 0, 'post', '2025-05-30 06:03:38', '2025-05-30 06:03:38'),
(157, 7, 53, 0, 'post', '2025-05-30 06:03:43', '2025-05-30 06:03:43'),
(158, 7, 43, 0, 'post', '2025-05-30 06:03:44', '2025-05-30 06:03:44'),
(159, 7, 108, 0, 'post', '2025-05-30 06:03:46', '2025-05-30 06:03:46'),
(160, 2, 29, 0, 'post', '2025-05-30 06:04:00', '2025-05-30 06:04:00'),
(161, 2, 54, 0, 'post', '2025-05-30 06:04:01', '2025-05-30 06:04:01'),
(162, 2, 57, 0, 'post', '2025-05-30 06:04:04', '2025-05-30 06:04:04'),
(163, 2, 101, 0, 'post', '2025-05-30 06:04:05', '2025-05-30 06:04:05'),
(164, 2, 21, 0, 'post', '2025-05-30 06:04:06', '2025-05-30 06:04:06'),
(165, 2, 111, 0, 'post', '2025-05-30 06:04:07', '2025-05-30 06:04:07'),
(166, 2, 105, 0, 'post', '2025-05-30 06:04:08', '2025-05-30 06:04:08'),
(167, 2, 60, 0, 'post', '2025-05-30 06:04:14', '2025-05-30 06:04:14'),
(170, 2, 10, 0, 'post', '2025-05-30 06:04:18', '2025-05-30 06:04:18'),
(171, 2, 55, 0, 'post', '2025-05-30 06:04:20', '2025-05-30 06:04:20'),
(172, 2, 6, 0, 'post', '2025-05-30 06:04:22', '2025-05-30 06:04:22'),
(173, 2, 33, 0, 'post', '2025-05-30 06:04:26', '2025-05-30 06:04:26'),
(174, 2, 112, 0, 'post', '2025-05-30 06:04:32', '2025-05-30 06:04:32'),
(175, 2, 11, 0, 'post', '2025-05-30 06:04:32', '2025-05-30 06:04:32'),
(176, 2, 56, 0, 'post', '2025-05-30 06:04:34', '2025-05-30 06:04:34'),
(177, 2, 43, 0, 'post', '2025-05-30 06:04:35', '2025-05-30 06:04:35'),
(178, 2, 31, 0, 'post', '2025-05-30 06:04:37', '2025-05-30 06:04:37'),
(179, 2, 48, 0, 'post', '2025-05-30 06:04:38', '2025-05-30 06:04:38'),
(181, 2, 26, 0, 'post', '2025-05-30 06:04:44', '2025-05-30 06:04:44'),
(182, 2, 63, 0, 'post', '2025-05-30 06:04:46', '2025-05-30 06:04:46'),
(183, 2, 106, 0, 'post', '2025-05-30 06:04:47', '2025-05-30 06:04:47'),
(184, 2, 114, 0, 'post', '2025-05-30 06:04:49', '2025-05-30 06:04:49'),
(185, 2, 12, 0, 'post', '2025-05-30 06:04:50', '2025-05-30 06:04:50'),
(186, 2, 20, 0, 'post', '2025-05-30 06:04:52', '2025-05-30 06:04:52'),
(187, 2, 39, 0, 'post', '2025-05-30 06:04:55', '2025-05-30 06:04:55'),
(188, 2, 113, 0, 'post', '2025-05-30 06:05:01', '2025-05-30 06:05:01'),
(189, 2, 45, 0, 'post', '2025-05-30 06:05:04', '2025-05-30 06:05:04'),
(190, 2, 53, 0, 'post', '2025-05-30 06:07:21', '2025-05-30 06:07:21'),
(191, 2, 110, 0, 'post', '2025-05-30 06:07:23', '2025-05-30 06:07:23'),
(192, 10, 26, 0, 'post', '2025-05-30 06:08:59', '2025-05-30 06:08:59'),
(193, 10, 57, 0, 'post', '2025-05-30 06:09:15', '2025-05-30 06:09:15'),
(194, 10, 10, 0, 'post', '2025-05-30 06:09:28', '2025-05-30 06:09:28'),
(195, 10, 113, 0, 'post', '2025-05-30 06:09:36', '2025-05-30 06:09:36'),
(196, 10, 49, 0, 'post', '2025-05-30 06:09:38', '2025-05-30 06:09:38'),
(197, 10, 43, 0, 'post', '2025-05-30 06:09:43', '2025-05-30 06:09:43'),
(198, 10, 105, 0, 'post', '2025-05-30 06:09:47', '2025-05-30 06:09:47'),
(199, 10, 50, 0, 'post', '2025-05-30 06:09:52', '2025-05-30 06:09:52'),
(200, 10, 112, 0, 'post', '2025-05-30 06:09:56', '2025-05-30 06:09:56'),
(202, 10, 110, 0, 'post', '2025-05-30 06:10:08', '2025-05-30 06:10:08'),
(203, 10, 45, 0, 'post', '2025-05-30 06:10:12', '2025-05-30 06:10:12'),
(204, 10, 33, 0, 'post', '2025-05-30 06:10:17', '2025-05-30 06:10:17'),
(205, 10, 109, 0, 'post', '2025-05-30 06:10:22', '2025-05-30 06:10:22'),
(206, 10, 111, 0, 'post', '2025-05-30 06:10:27', '2025-05-30 06:10:27'),
(207, 10, 54, 0, 'post', '2025-05-30 06:10:33', '2025-05-30 06:10:33'),
(208, 10, 56, 0, 'post', '2025-05-30 06:10:37', '2025-05-30 06:10:37'),
(209, 10, 101, 0, 'post', '2025-05-30 06:10:42', '2025-05-30 06:10:42'),
(210, 10, 12, 0, 'post', '2025-05-30 06:10:47', '2025-05-30 06:10:47'),
(211, 10, 11, 0, 'post', '2025-05-30 06:10:52', '2025-05-30 06:10:52'),
(212, 10, 29, 0, 'post', '2025-05-30 06:10:56', '2025-05-30 06:10:56'),
(213, 10, 108, 0, 'post', '2025-05-30 06:11:04', '2025-05-30 06:11:04'),
(214, 10, 53, 0, 'post', '2025-05-30 06:11:21', '2025-05-30 06:11:21'),
(215, 10, 55, 0, 'post', '2025-05-30 06:11:30', '2025-05-30 06:11:30'),
(216, 10, 21, 0, 'post', '2025-05-30 06:11:35', '2025-05-30 06:11:35'),
(217, 10, 39, 0, 'post', '2025-05-30 06:11:43', '2025-05-30 06:11:43'),
(218, 10, 60, 0, 'post', '2025-05-30 06:11:49', '2025-05-30 06:11:49'),
(219, 10, 31, 0, 'post', '2025-05-30 06:11:57', '2025-05-30 06:11:57'),
(221, 10, NULL, 104, 'comment', '2025-05-30 06:13:24', '2025-05-30 06:13:24'),
(222, 10, NULL, 51, 'comment', '2025-05-30 06:13:25', '2025-05-30 06:13:25'),
(223, 10, NULL, 48, 'comment', '2025-05-30 06:13:26', '2025-05-30 06:13:26'),
(224, 10, NULL, 49, 'comment', '2025-05-30 06:13:27', '2025-05-30 06:13:27'),
(225, 10, NULL, 50, 'comment', '2025-05-30 06:13:28', '2025-05-30 06:13:28'),
(226, 10, NULL, 46, 'comment', '2025-05-30 06:13:29', '2025-05-30 06:13:29'),
(227, 10, NULL, 47, 'comment', '2025-05-30 06:13:30', '2025-05-30 06:13:30'),
(228, 10, NULL, 45, 'comment', '2025-05-30 06:13:31', '2025-05-30 06:13:31'),
(229, 10, NULL, 44, 'comment', '2025-05-30 06:13:33', '2025-05-30 06:13:33'),
(230, 10, NULL, 43, 'comment', '2025-05-30 06:13:34', '2025-05-30 06:13:34'),
(231, 10, NULL, 42, 'comment', '2025-05-30 06:13:34', '2025-05-30 06:13:34'),
(232, 10, NULL, 41, 'comment', '2025-05-30 06:13:35', '2025-05-30 06:13:35'),
(233, 10, NULL, 162, 'reply', '2025-05-30 06:14:36', '2025-05-30 06:14:36'),
(234, 10, NULL, 163, 'reply', '2025-05-30 06:14:38', '2025-05-30 06:14:38'),
(235, 10, NULL, 164, 'reply', '2025-05-30 06:14:44', '2025-05-30 06:14:44'),
(236, 10, NULL, 165, 'reply', '2025-05-30 06:14:51', '2025-05-30 06:14:51'),
(237, 10, NULL, 166, 'reply', '2025-05-30 06:14:59', '2025-05-30 06:14:59'),
(238, 10, NULL, 167, 'reply', '2025-05-30 06:15:06', '2025-05-30 06:15:06'),
(239, 10, NULL, 168, 'reply', '2025-05-30 06:15:14', '2025-05-30 06:15:14'),
(240, 10, NULL, 161, 'reply', '2025-05-30 06:15:43', '2025-05-30 06:15:43'),
(242, 8, 52, 0, 'post', '2025-05-30 06:18:12', '2025-05-30 06:18:12'),
(243, 8, 53, 0, 'post', '2025-05-30 06:18:47', '2025-05-30 06:18:47'),
(244, 8, 113, 0, 'post', '2025-05-30 06:18:55', '2025-05-30 06:18:55'),
(245, 8, 31, 0, 'post', '2025-05-30 06:19:08', '2025-05-30 06:19:08'),
(246, 8, 110, 0, 'post', '2025-05-30 06:19:12', '2025-05-30 06:19:12'),
(247, 8, 56, 0, 'post', '2025-05-30 06:19:16', '2025-05-30 06:19:16'),
(248, 8, 43, 0, 'post', '2025-05-30 06:19:21', '2025-05-30 06:19:21'),
(249, 8, 57, 0, 'post', '2025-05-30 06:19:26', '2025-05-30 06:19:26'),
(250, 8, 62, 0, 'post', '2025-05-30 06:19:32', '2025-05-30 06:19:32'),
(251, 8, 20, 0, 'post', '2025-05-30 06:19:37', '2025-05-30 06:19:37'),
(252, 8, 106, 0, 'post', '2025-05-30 06:19:39', '2025-05-30 06:19:39'),
(253, 8, 48, 0, 'post', '2025-05-30 06:19:44', '2025-05-30 06:19:44'),
(254, 8, 33, 0, 'post', '2025-05-30 06:19:52', '2025-05-30 06:19:52'),
(255, 8, 54, 0, 'post', '2025-05-30 06:19:55', '2025-05-30 06:19:55'),
(258, 11, 116, 0, 'post', '2025-05-30 06:23:26', '2025-05-30 06:23:26'),
(259, 11, 115, 0, 'post', '2025-05-30 06:23:30', '2025-05-30 06:23:30'),
(261, 4, 109, 0, 'post', '2025-05-30 06:26:21', '2025-05-30 06:26:21'),
(262, 4, 55, 0, 'post', '2025-05-30 06:26:33', '2025-05-30 06:26:33'),
(264, 4, 29, 0, 'post', '2025-05-30 06:27:13', '2025-05-30 06:27:13'),
(265, 4, 106, 0, 'post', '2025-05-30 06:27:14', '2025-05-30 06:27:14'),
(266, 4, 52, 0, 'post', '2025-05-30 06:27:44', '2025-05-30 06:27:44'),
(272, 4, 56, 0, 'post', '2025-05-30 06:32:17', '2025-05-30 06:32:17'),
(274, 4, NULL, 155, 'comment', '2025-05-30 07:50:31', '2025-05-30 07:50:31'),
(275, 4, NULL, 153, 'comment', '2025-05-30 07:50:32', '2025-05-30 07:50:32'),
(276, 4, NULL, 118, 'comment', '2025-05-30 07:50:34', '2025-05-30 07:50:34'),
(277, 4, NULL, 71, 'comment', '2025-05-30 07:50:35', '2025-05-30 07:50:35'),
(278, 4, NULL, 3, 'comment', '2025-05-30 07:50:40', '2025-05-30 07:50:40'),
(279, 4, NULL, 170, 'reply', '2025-05-30 07:53:10', '2025-05-30 07:53:10'),
(280, 4, NULL, 174, 'reply', '2025-05-30 07:54:17', '2025-05-30 07:54:17'),
(281, 4, NULL, 173, 'reply', '2025-05-30 07:54:18', '2025-05-30 07:54:18'),
(282, 4, NULL, 175, 'reply', '2025-05-30 07:54:50', '2025-05-30 07:54:50'),
(285, 4, 6, 0, 'post', '2025-05-30 08:18:24', '2025-05-30 08:18:24'),
(287, 4, NULL, 177, 'reply', '2025-05-30 08:18:55', '2025-05-30 08:18:55'),
(290, 4, NULL, 164, 'comment', '2025-05-30 08:21:12', '2025-05-30 08:21:12'),
(294, 4, NULL, 149, 'comment', '2025-05-30 08:26:00', '2025-05-30 08:26:00'),
(295, 4, 158, 0, 'post', '2025-05-30 10:42:38', '2025-05-30 10:42:38'),
(296, 4, 157, 0, 'post', '2025-05-30 10:42:40', '2025-05-30 10:42:40'),
(297, 4, 156, 0, 'post', '2025-05-30 10:42:46', '2025-05-30 10:42:46'),
(299, 4, 120, 0, 'post', '2025-05-30 10:58:47', '2025-05-30 10:58:47'),
(301, 2, NULL, 188, 'reply', '2025-05-30 13:20:57', '2025-05-30 13:20:57'),
(302, 2, NULL, 187, 'reply', '2025-05-30 13:20:57', '2025-05-30 13:20:57');

-- --------------------------------------------------------

--
-- Table structure for table `twitter_followers`
--

CREATE TABLE `twitter_followers` (
  `id` int(11) NOT NULL,
  `followers` int(11) DEFAULT NULL,
  `following` int(11) DEFAULT NULL,
  `created_at` timestamp NOT NULL DEFAULT current_timestamp(),
  `updated_at` timestamp NOT NULL DEFAULT current_timestamp() ON UPDATE current_timestamp()
) ENGINE=InnoDB DEFAULT CHARSET=utf8mb4 COLLATE=utf8mb4_general_ci;

--
-- Dumping data for table `twitter_followers`
--

INSERT INTO `twitter_followers` (`id`, `followers`, `following`, `created_at`, `updated_at`) VALUES
(29, 2, 7, '2025-05-17 12:09:46', '2025-05-17 12:09:46'),
(30, 3, 7, '2025-05-17 12:09:48', '2025-05-17 12:09:48'),
(34, 6, 7, '2025-05-17 12:09:54', '2025-05-17 12:09:54'),
(40, 2, 9, '2025-05-19 05:27:59', '2025-05-19 05:27:59'),
(41, 3, 9, '2025-05-19 05:28:00', '2025-05-19 05:28:00'),
(51, 7, 10, '2025-05-19 10:08:35', '2025-05-19 10:08:35'),
(71, 4, 10, '2025-05-19 11:23:20', '2025-05-19 11:23:20'),
(73, 3, 10, '2025-05-19 11:25:30', '2025-05-19 11:25:30'),
(77, 7, 3, '2025-05-20 05:08:58', '2025-05-20 05:08:58'),
(78, 6, 3, '2025-05-20 05:08:59', '2025-05-20 05:08:59'),
(86, 3, 11, '2025-05-20 13:48:20', '2025-05-20 13:48:20'),
(92, 6, 2, '2025-05-22 17:49:11', '2025-05-22 17:49:11'),
(93, 4, 2, '2025-05-22 17:49:12', '2025-05-22 17:49:12'),
(94, 8, 2, '2025-05-22 17:49:17', '2025-05-22 17:49:17'),
(98, 3, 8, '2025-05-24 07:10:24', '2025-05-24 07:10:24'),
(103, 2, 11, '2025-05-29 10:11:43', '2025-05-29 10:11:43'),
(112, 6, 11, '2025-05-29 10:59:30', '2025-05-29 10:59:30'),
(118, 8, 11, '2025-05-29 12:48:08', '2025-05-29 12:48:08'),
(119, 11, 7, '2025-05-29 12:53:38', '2025-05-29 12:53:38'),
(125, 7, 2, '2025-05-30 05:55:48', '2025-05-30 05:55:48'),
(126, 11, 8, '2025-05-30 06:16:33', '2025-05-30 06:16:33'),
(127, 10, 8, '2025-05-30 06:16:34', '2025-05-30 06:16:34'),
(128, 9, 8, '2025-05-30 06:16:34', '2025-05-30 06:16:34'),
(129, 7, 8, '2025-05-30 06:16:35', '2025-05-30 06:16:35'),
(130, 6, 8, '2025-05-30 06:16:35', '2025-05-30 06:16:35'),
(131, 9, 11, '2025-05-30 06:22:15', '2025-05-30 06:22:15'),
(132, 7, 11, '2025-05-30 06:22:16', '2025-05-30 06:22:16'),
(139, 3, 4, '2025-05-30 08:21:51', '2025-05-30 08:21:51'),
(140, 2, 4, '2025-05-30 10:13:34', '2025-05-30 10:13:34');

-- --------------------------------------------------------

--
-- Table structure for table `twitter_notifications`
--

CREATE TABLE `twitter_notifications` (
  `id` int(11) NOT NULL,
  `user_id` int(11) NOT NULL,
  `sender_id` int(11) NOT NULL,
  `post_id` int(11) DEFAULT NULL,
  `type` enum('follow','like','comment') NOT NULL,
  `message` varchar(255) NOT NULL,
  `is_read` tinyint(1) DEFAULT 0,
  `created_at` timestamp NOT NULL DEFAULT current_timestamp(),
  `updated_at` timestamp NOT NULL DEFAULT current_timestamp() ON UPDATE current_timestamp()
) ENGINE=InnoDB DEFAULT CHARSET=utf8mb4 COLLATE=utf8mb4_general_ci;

--
-- Dumping data for table `twitter_notifications`
--

INSERT INTO `twitter_notifications` (`id`, `user_id`, `sender_id`, `post_id`, `type`, `message`, `is_read`, `created_at`, `updated_at`) VALUES
(20, 9, 2, 54, 'like', '@mahesh_0909 liked your post.', 0, '2025-05-25 08:58:27', '2025-05-25 08:58:27'),
(49, 4, 2, 31, 'like', '@mahesh_0909 liked your post.', 1, '2025-05-25 21:06:13', '2025-05-30 08:17:03'),
(50, 9, 2, 55, 'like', '@mahesh_0909 liked your post.', 0, '2025-05-25 21:17:19', '2025-05-25 21:17:19'),
(59, 2, 7, 26, 'like', '@mr_ravi0909 liked your post.', 1, '2025-05-28 11:20:57', '2025-05-29 12:52:33'),
(72, 2, 7, 45, 'like', '@mr_ravi0909 liked your reply.', 1, '2025-05-28 12:23:16', '2025-05-29 12:52:33'),
(81, 2, 11, 12, 'like', '@ravindra0000 liked your reply.', 1, '2025-05-29 06:48:02', '2025-05-29 12:52:33'),
(86, 2, 11, 11, 'like', '@ravindra0000 liked your reply.', 1, '2025-05-29 08:10:29', '2025-05-29 12:52:33'),
(87, 2, 11, 10, 'like', '@ravindra0000 liked your post.', 1, '2025-05-29 09:19:19', '2025-05-29 12:52:33'),
(89, 6, 11, NULL, 'follow', '@ravindra0000 Started to following you.', 1, '2025-05-29 10:59:30', '2025-05-29 10:59:42'),
(94, 8, 11, 52, 'like', '@ravindra0000 liked your post.', 1, '2025-05-29 12:48:35', '2025-05-29 12:48:41'),
(97, 11, 7, NULL, 'follow', '@mr_ravi0909 Started to following you.', 1, '2025-05-29 12:53:38', '2025-05-30 06:24:18'),
(98, 2, 7, 106, 'like', '@mr_ravi0909 liked your post.', 1, '2025-05-29 12:54:03', '2025-05-29 12:54:07'),
(99, 4, 7, 29, 'like', '@mr_ravi0909 liked your post.', 1, '2025-05-30 05:11:50', '2025-05-30 08:17:03'),
(100, 4, 7, 31, 'like', '@mr_ravi0909 liked your post.', 1, '2025-05-30 05:11:51', '2025-05-30 08:17:03'),
(105, 7, 2, 109, 'like', '@mahesh_0909 liked your post.', 1, '2025-05-30 05:52:00', '2025-05-30 05:53:34'),
(107, 7, 2, 50, 'like', '@mahesh_0909 liked your post.', 1, '2025-05-30 05:52:02', '2025-05-30 05:53:34'),
(108, 7, 2, 49, 'like', '@mahesh_0909 liked your post.', 1, '2025-05-30 05:52:03', '2025-05-30 05:53:34'),
(111, 7, 2, NULL, 'follow', '@mahesh_0909 Started to following you.', 1, '2025-05-30 05:55:48', '2025-05-30 05:55:52'),
(112, 3, 7, 21, 'like', '@mr_ravi0909 liked your post.', 0, '2025-05-30 06:02:54', '2025-05-30 06:02:54'),
(113, 6, 7, 45, 'like', '@mr_ravi0909 liked your post.', 0, '2025-05-30 06:02:56', '2025-05-30 06:02:56'),
(114, 9, 7, 55, 'like', '@mr_ravi0909 liked your post.', 0, '2025-05-30 06:02:57', '2025-05-30 06:02:57'),
(115, 2, 7, 11, 'like', '@mr_ravi0909 liked your post.', 0, '2025-05-30 06:02:58', '2025-05-30 06:02:58'),
(117, 9, 7, 54, 'like', '@mr_ravi0909 liked your post.', 0, '2025-05-30 06:03:03', '2025-05-30 06:03:03'),
(118, 2, 7, 33, 'like', '@mr_ravi0909 liked your post.', 0, '2025-05-30 06:03:04', '2025-05-30 06:03:04'),
(120, 6, 7, 114, 'like', '@mr_ravi0909 liked your post.', 0, '2025-05-30 06:03:08', '2025-05-30 06:03:08'),
(121, 2, 7, 10, 'like', '@mr_ravi0909 liked your post.', 0, '2025-05-30 06:03:09', '2025-05-30 06:03:09'),
(122, 2, 7, 111, 'like', '@mr_ravi0909 liked your post.', 0, '2025-05-30 06:03:11', '2025-05-30 06:03:11'),
(123, 2, 7, 112, 'like', '@mr_ravi0909 liked your post.', 0, '2025-05-30 06:03:12', '2025-05-30 06:03:12'),
(124, 2, 7, 101, 'like', '@mr_ravi0909 liked your post.', 0, '2025-05-30 06:03:17', '2025-05-30 06:03:17'),
(125, 6, 7, 113, 'like', '@mr_ravi0909 liked your post.', 0, '2025-05-30 06:03:19', '2025-05-30 06:03:19'),
(126, 2, 7, 12, 'like', '@mr_ravi0909 liked your post.', 0, '2025-05-30 06:03:23', '2025-05-30 06:03:23'),
(127, 11, 7, 105, 'like', '@mr_ravi0909 liked your post.', 1, '2025-05-30 06:03:24', '2025-05-30 06:24:18'),
(128, 2, 7, 60, 'like', '@mr_ravi0909 liked your post.', 0, '2025-05-30 06:03:27', '2025-05-30 06:03:27'),
(129, 8, 7, 52, 'like', '@mr_ravi0909 liked your post.', 0, '2025-05-30 06:03:30', '2025-05-30 06:03:30'),
(130, 2, 7, 26, 'like', '@mr_ravi0909 liked your post.', 0, '2025-05-30 06:03:32', '2025-05-30 06:03:32'),
(131, 10, 7, 56, 'like', '@mr_ravi0909 liked your post.', 0, '2025-05-30 06:03:34', '2025-05-30 06:03:34'),
(132, 3, 7, 20, 'like', '@mr_ravi0909 liked your post.', 0, '2025-05-30 06:03:35', '2025-05-30 06:03:35'),
(133, 10, 7, 57, 'like', '@mr_ravi0909 liked your post.', 0, '2025-05-30 06:03:38', '2025-05-30 06:03:38'),
(137, 6, 7, 43, 'like', '@mr_ravi0909 liked your post.', 0, '2025-05-30 06:03:44', '2025-05-30 06:03:44'),
(138, 4, 2, 29, 'like', '@mahesh_0909 liked your post.', 1, '2025-05-30 06:04:00', '2025-05-30 08:17:03'),
(139, 9, 2, 54, 'like', '@mahesh_0909 liked your post.', 0, '2025-05-30 06:04:01', '2025-05-30 06:04:01'),
(140, 10, 2, 57, 'like', '@mahesh_0909 liked your post.', 0, '2025-05-30 06:04:04', '2025-05-30 06:04:04'),
(141, 3, 2, 21, 'like', '@mahesh_0909 liked your post.', 0, '2025-05-30 06:04:06', '2025-05-30 06:04:06'),
(142, 11, 2, 105, 'like', '@mahesh_0909 liked your post.', 1, '2025-05-30 06:04:08', '2025-05-30 06:24:18'),
(145, 9, 2, 55, 'like', '@mahesh_0909 liked your post.', 0, '2025-05-30 06:04:20', '2025-05-30 06:04:20'),
(146, 10, 2, 56, 'like', '@mahesh_0909 liked your post.', 0, '2025-05-30 06:04:34', '2025-05-30 06:04:34'),
(147, 6, 2, 43, 'like', '@mahesh_0909 liked your post.', 0, '2025-05-30 06:04:35', '2025-05-30 06:04:35'),
(148, 4, 2, 31, 'like', '@mahesh_0909 liked your post.', 1, '2025-05-30 06:04:37', '2025-05-30 08:17:03'),
(149, 7, 2, 48, 'like', '@mahesh_0909 liked your post.', 0, '2025-05-30 06:04:38', '2025-05-30 06:04:38'),
(150, 6, 2, 114, 'like', '@mahesh_0909 liked your post.', 0, '2025-05-30 06:04:49', '2025-05-30 06:04:49'),
(151, 3, 2, 20, 'like', '@mahesh_0909 liked your post.', 0, '2025-05-30 06:04:52', '2025-05-30 06:04:52'),
(152, 6, 2, 113, 'like', '@mahesh_0909 liked your post.', 0, '2025-05-30 06:05:01', '2025-05-30 06:05:01'),
(153, 6, 2, 45, 'like', '@mahesh_0909 liked your post.', 0, '2025-05-30 06:05:04', '2025-05-30 06:05:04'),
(155, 7, 2, 110, 'like', '@mahesh_0909 liked your post.', 0, '2025-05-30 06:07:23', '2025-05-30 06:07:23'),
(156, 2, 10, 26, 'like', '@vikram0000 liked your post.', 0, '2025-05-30 06:08:59', '2025-05-30 06:08:59'),
(157, 2, 10, 10, 'like', '@vikram0000 liked your post.', 0, '2025-05-30 06:09:28', '2025-05-30 06:09:28'),
(158, 6, 10, 113, 'like', '@vikram0000 liked your post.', 0, '2025-05-30 06:09:36', '2025-05-30 06:09:36'),
(159, 7, 10, 49, 'like', '@vikram0000 liked your post.', 0, '2025-05-30 06:09:38', '2025-05-30 06:09:38'),
(160, 6, 10, 43, 'like', '@vikram0000 liked your post.', 0, '2025-05-30 06:09:43', '2025-05-30 06:09:43'),
(161, 11, 10, 105, 'like', '@vikram0000 liked your post.', 1, '2025-05-30 06:09:47', '2025-05-30 06:24:18'),
(162, 7, 10, 50, 'like', '@vikram0000 liked your post.', 0, '2025-05-30 06:09:52', '2025-05-30 06:09:52'),
(163, 2, 10, 112, 'like', '@vikram0000 liked your post.', 0, '2025-05-30 06:09:56', '2025-05-30 06:09:56'),
(165, 7, 10, 110, 'like', '@vikram0000 liked your post.', 0, '2025-05-30 06:10:08', '2025-05-30 06:10:08'),
(166, 6, 10, 45, 'like', '@vikram0000 liked your post.', 0, '2025-05-30 06:10:12', '2025-05-30 06:10:12'),
(167, 2, 10, 33, 'like', '@vikram0000 liked your post.', 0, '2025-05-30 06:10:17', '2025-05-30 06:10:17'),
(168, 7, 10, 109, 'like', '@vikram0000 liked your post.', 0, '2025-05-30 06:10:22', '2025-05-30 06:10:22'),
(169, 2, 10, 111, 'like', '@vikram0000 liked your post.', 0, '2025-05-30 06:10:27', '2025-05-30 06:10:27'),
(170, 9, 10, 54, 'like', '@vikram0000 liked your post.', 0, '2025-05-30 06:10:33', '2025-05-30 06:10:33'),
(171, 2, 10, 101, 'like', '@vikram0000 liked your post.', 0, '2025-05-30 06:10:42', '2025-05-30 06:10:42'),
(172, 2, 10, 12, 'like', '@vikram0000 liked your post.', 0, '2025-05-30 06:10:47', '2025-05-30 06:10:47'),
(173, 2, 10, 11, 'like', '@vikram0000 liked your post.', 0, '2025-05-30 06:10:52', '2025-05-30 06:10:52'),
(174, 4, 10, 29, 'like', '@vikram0000 liked your post.', 1, '2025-05-30 06:10:56', '2025-05-30 08:17:03'),
(175, 7, 10, 108, 'like', '@vikram0000 liked your post.', 0, '2025-05-30 06:11:04', '2025-05-30 06:11:04'),
(177, 9, 10, 55, 'like', '@vikram0000 liked your post.', 0, '2025-05-30 06:11:30', '2025-05-30 06:11:30'),
(178, 3, 10, 21, 'like', '@vikram0000 liked your post.', 0, '2025-05-30 06:11:35', '2025-05-30 06:11:35'),
(179, 2, 10, 39, 'like', '@vikram0000 liked your post.', 0, '2025-05-30 06:11:43', '2025-05-30 06:11:43'),
(180, 2, 10, 60, 'like', '@vikram0000 liked your post.', 0, '2025-05-30 06:11:49', '2025-05-30 06:11:49'),
(181, 4, 10, 31, 'like', '@vikram0000 liked your post.', 1, '2025-05-30 06:11:57', '2025-05-30 08:17:03'),
(184, 7, 10, 48, 'like', '@vikram0000 liked your comment.', 0, '2025-05-30 06:13:26', '2025-05-30 06:13:26'),
(185, 7, 10, 49, 'like', '@vikram0000 liked your comment.', 0, '2025-05-30 06:13:27', '2025-05-30 06:13:27'),
(186, 7, 10, 50, 'like', '@vikram0000 liked your comment.', 0, '2025-05-30 06:13:28', '2025-05-30 06:13:28'),
(189, 7, 10, 45, 'like', '@vikram0000 liked your comment.', 0, '2025-05-30 06:13:31', '2025-05-30 06:13:31'),
(191, 7, 10, 43, 'like', '@vikram0000 liked your comment.', 0, '2025-05-30 06:13:34', '2025-05-30 06:13:34'),
(194, 11, 8, NULL, 'follow', '@kushal_00 Started to following you.', 1, '2025-05-30 06:16:33', '2025-05-30 06:24:18'),
(195, 10, 8, NULL, 'follow', '@kushal_00 Started to following you.', 0, '2025-05-30 06:16:34', '2025-05-30 06:16:34'),
(196, 9, 8, NULL, 'follow', '@kushal_00 Started to following you.', 0, '2025-05-30 06:16:34', '2025-05-30 06:16:34'),
(197, 7, 8, NULL, 'follow', '@kushal_00 Started to following you.', 0, '2025-05-30 06:16:35', '2025-05-30 06:16:35'),
(198, 6, 8, NULL, 'follow', '@kushal_00 Started to following you.', 0, '2025-05-30 06:16:35', '2025-05-30 06:16:35'),
(199, 6, 8, 113, 'like', '@kushal_00 liked your post.', 0, '2025-05-30 06:18:55', '2025-05-30 06:18:55'),
(200, 4, 8, 31, 'like', '@kushal_00 liked your post.', 1, '2025-05-30 06:19:08', '2025-05-30 08:17:03'),
(201, 7, 8, 110, 'like', '@kushal_00 liked your post.', 0, '2025-05-30 06:19:12', '2025-05-30 06:19:12'),
(202, 10, 8, 56, 'like', '@kushal_00 liked your post.', 0, '2025-05-30 06:19:16', '2025-05-30 06:19:16'),
(203, 6, 8, 43, 'like', '@kushal_00 liked your post.', 0, '2025-05-30 06:19:21', '2025-05-30 06:19:21'),
(204, 10, 8, 57, 'like', '@kushal_00 liked your post.', 0, '2025-05-30 06:19:26', '2025-05-30 06:19:26'),
(205, 2, 8, 62, 'like', '@kushal_00 liked your post.', 0, '2025-05-30 06:19:32', '2025-05-30 06:19:32'),
(206, 3, 8, 20, 'like', '@kushal_00 liked your post.', 0, '2025-05-30 06:19:37', '2025-05-30 06:19:37'),
(207, 2, 8, 106, 'like', '@kushal_00 liked your post.', 0, '2025-05-30 06:19:39', '2025-05-30 06:19:39'),
(208, 7, 8, 48, 'like', '@kushal_00 liked your post.', 0, '2025-05-30 06:19:44', '2025-05-30 06:19:44'),
(209, 2, 8, 33, 'like', '@kushal_00 liked your post.', 0, '2025-05-30 06:19:52', '2025-05-30 06:19:52'),
(210, 9, 8, 54, 'like', '@kushal_00 liked your post.', 0, '2025-05-30 06:19:55', '2025-05-30 06:19:55'),
(212, 9, 11, NULL, 'follow', '@ravindra0000 Started to following you.', 0, '2025-05-30 06:22:15', '2025-05-30 06:22:15'),
(213, 7, 11, NULL, 'follow', '@ravindra0000 Started to following you.', 0, '2025-05-30 06:22:16', '2025-05-30 06:22:16'),
(214, 6, 4, NULL, 'follow', '@suresh_0000 Started to following you.', 0, '2025-05-30 06:25:02', '2025-05-30 06:25:02'),
(215, 8, 4, NULL, 'follow', '@suresh_0000 Started to following you.', 0, '2025-05-30 06:25:03', '2025-05-30 06:25:03'),
(216, 11, 4, NULL, 'follow', '@suresh_0000 Started to following you.', 0, '2025-05-30 06:25:04', '2025-05-30 06:25:04'),
(217, 7, 4, 109, 'like', '@suresh_0000 liked your post.', 0, '2025-05-30 06:26:21', '2025-05-30 06:26:21'),
(218, 9, 4, 55, 'like', '@suresh_0000 liked your post.', 0, '2025-05-30 06:26:33', '2025-05-30 06:26:33'),
(220, 2, 4, 106, 'like', '@suresh_0000 liked your post.', 0, '2025-05-30 06:27:14', '2025-05-30 06:27:14'),
(221, 8, 4, 52, 'like', '@suresh_0000 liked your post.', 0, '2025-05-30 06:27:44', '2025-05-30 06:27:44'),
(223, 10, 4, 56, 'like', '@suresh_0000 liked your post.', 0, '2025-05-30 06:32:17', '2025-05-30 06:32:17'),
(224, 7, 4, NULL, 'follow', '@suresh_0000 Started to following you.', 0, '2025-05-30 06:33:27', '2025-05-30 06:33:27'),
(225, 3, 4, NULL, 'follow', '@suresh_0000 Started to following you.', 0, '2025-05-30 06:33:29', '2025-05-30 06:33:29'),
(226, 9, 4, NULL, 'follow', '@suresh_0000 Started to following you.', 0, '2025-05-30 06:33:29', '2025-05-30 06:33:29'),
(230, 2, 4, 6, 'like', '@suresh_0000 liked your post.', 0, '2025-05-30 08:18:24', '2025-05-30 08:18:24'),
(231, 3, 4, NULL, 'follow', '@suresh_0000 Started to following you.', 0, '2025-05-30 08:21:51', '2025-05-30 08:21:51'),
(232, 2, 4, NULL, 'follow', '@suresh_0000 Started to following you.', 0, '2025-05-30 10:13:34', '2025-05-30 10:13:34');

-- --------------------------------------------------------

--
-- Table structure for table `twitter_posts`
--

CREATE TABLE `twitter_posts` (
  `id` int(11) NOT NULL,
  `user_id` int(11) DEFAULT NULL,
  `post_file` varchar(255) DEFAULT NULL,
  `description` varchar(500) DEFAULT NULL,
  `created_at` timestamp NOT NULL DEFAULT current_timestamp(),
  `updated_at` timestamp NOT NULL DEFAULT current_timestamp() ON UPDATE current_timestamp()
) ENGINE=InnoDB DEFAULT CHARSET=utf8mb4 COLLATE=utf8mb4_general_ci;

--
-- Dumping data for table `twitter_posts`
--

INSERT INTO `twitter_posts` (`id`, `user_id`, `post_file`, `description`, `created_at`, `updated_at`) VALUES
(6, 2, '1747127022.jpg', 'my second post with Image', '2025-05-13 09:03:42', '2025-05-13 09:03:42'),
(10, 2, '1747127437.jpg', 'letest post', '2025-05-13 09:10:37', '2025-05-13 09:10:37'),
(11, 2, '', 'hello', '2025-05-13 09:14:44', '2025-05-13 09:14:44'),
(12, 2, '1747127824.png', '', '2025-05-13 09:17:04', '2025-05-13 09:17:04'),
(20, 3, '1747139239.png', 'First Post', '2025-05-13 12:27:19', '2025-05-13 12:27:19'),
(21, 3, '', 'second post', '2025-05-13 12:27:48', '2025-05-13 12:27:48'),
(26, 2, '1747144498.jpg', 'this is noptification post', '2025-05-13 13:54:58', '2025-05-13 13:54:58'),
(29, 4, '', 'first post by @suresh_0000', '2025-05-14 11:09:31', '2025-05-14 11:09:31'),
(31, 4, '', 'good after noon', '2025-05-14 11:13:20', '2025-05-14 11:13:20'),
(33, 2, '', 'good night again', '2025-05-14 19:31:07', '2025-05-14 19:31:07'),
(39, 2, '1747399372.jpg', '', '2025-05-16 12:42:52', '2025-05-16 12:42:52'),
(43, 6, '', 'letest post', '2025-05-17 06:46:56', '2025-05-17 06:46:56'),
(45, 6, '1747464452.jpg', '', '2025-05-17 06:47:32', '2025-05-17 06:47:32'),
(48, 7, '', 'good after noon', '2025-05-17 08:42:53', '2025-05-17 08:42:53'),
(49, 7, '1747471638.jpg', '', '2025-05-17 08:47:18', '2025-05-17 08:47:18'),
(50, 7, '1747472309.jpg', '', '2025-05-17 08:58:29', '2025-05-17 08:58:29'),
(52, 8, '', 'first Post', '2025-05-19 05:21:47', '2025-05-19 05:21:47'),
(53, 8, '1747632259.png', '', '2025-05-19 05:24:19', '2025-05-19 05:24:19'),
(54, 9, '', 'letest post', '2025-05-19 05:26:48', '2025-05-19 05:26:48'),
(55, 9, '1747632417.png', '', '2025-05-19 05:26:57', '2025-05-19 05:26:57'),
(56, 10, '1747648906.jpg', '', '2025-05-19 10:01:46', '2025-05-19 10:01:46'),
(57, 10, '1747648914.png', '', '2025-05-19 10:01:54', '2025-05-19 10:01:54'),
(60, 2, '1747806633.jpg', '', '2025-05-21 05:50:33', '2025-05-21 05:50:33'),
(62, 2, '1747807311.png', '', '2025-05-21 06:01:51', '2025-05-21 06:01:51'),
(63, 2, '1747807332.jpg', '', '2025-05-21 06:02:12', '2025-05-21 06:02:12'),
(101, 2, '1747817512.png', '', '2025-05-21 08:51:52', '2025-05-21 08:51:52'),
(105, 11, '', 'new Post', '2025-05-21 12:33:56', '2025-05-21 12:33:56'),
(106, 2, '', 'aSAS', '2025-05-25 19:17:12', '2025-05-25 19:17:12'),
(108, 7, '1748526987.mp4', '', '2025-05-29 13:56:27', '2025-05-29 13:56:27'),
(109, 7, '1748526998.mp4', '', '2025-05-29 13:56:38', '2025-05-29 13:56:38'),
(110, 7, '1748527030.mp4', '', '2025-05-29 13:57:10', '2025-05-29 13:57:10'),
(111, 2, '1748527095.mp4', '', '2025-05-29 13:58:15', '2025-05-29 13:58:15'),
(112, 2, '1748527113.mp4', '', '2025-05-29 13:58:33', '2025-05-29 13:58:33'),
(113, 6, '1748527155.mp4', '', '2025-05-29 13:59:15', '2025-05-29 13:59:15'),
(114, 6, '1748527171.mp4', '', '2025-05-29 13:59:31', '2025-05-29 13:59:31'),
(115, 11, '1748586166.mp4', '', '2025-05-30 06:22:46', '2025-05-30 06:22:46'),
(116, 11, '1748586174.mp4', '', '2025-05-30 06:22:54', '2025-05-30 06:22:54'),
(120, 4, '1748591228.jpg', '', '2025-05-30 07:47:08', '2025-05-30 07:47:08'),
(156, 4, '1748601676.mp4', '', '2025-05-30 10:41:16', '2025-05-30 10:41:16'),
(157, 4, '1748601737.mp4', '', '2025-05-30 10:42:17', '2025-05-30 10:42:17'),
(158, 4, '1748601753.mp4', '', '2025-05-30 10:42:33', '2025-05-30 10:42:33');

-- --------------------------------------------------------

--
-- Table structure for table `twitter_post_comments`
--

CREATE TABLE `twitter_post_comments` (
  `id` int(11) NOT NULL,
  `user_id` int(11) DEFAULT NULL,
  `post_id` int(11) DEFAULT NULL,
  `comments` varchar(1000) DEFAULT NULL,
  `created_at` timestamp NOT NULL DEFAULT current_timestamp(),
  `updated_at` timestamp NOT NULL DEFAULT current_timestamp() ON UPDATE current_timestamp()
) ENGINE=InnoDB DEFAULT CHARSET=utf8mb4 COLLATE=utf8mb4_general_ci;

--
-- Dumping data for table `twitter_post_comments`
--

INSERT INTO `twitter_post_comments` (`id`, `user_id`, `post_id`, `comments`, `created_at`, `updated_at`) VALUES
(1, 2, 39, 'this is my first comment', '2025-05-17 05:23:02', '2025-05-17 05:23:02'),
(2, 2, 39, 'second comment', '2025-05-17 05:23:33', '2025-05-17 05:23:33'),
(3, 2, 33, 'new comment', '2025-05-17 05:23:49', '2025-05-17 05:23:49'),
(6, 6, 43, 'first comment', '2025-05-17 06:47:10', '2025-05-17 06:47:10'),
(7, 7, 48, 'good after noon', '2025-05-17 08:43:16', '2025-05-17 08:43:16'),
(8, 7, 48, 'hello', '2025-05-17 08:43:25', '2025-05-17 08:43:25'),
(9, 7, 48, 'hay everyOne', '2025-05-17 08:43:36', '2025-05-17 08:43:36'),
(10, 7, 50, 'dsfsfs', '2025-05-17 10:44:12', '2025-05-17 10:44:12'),
(13, 10, 12, 'hello', '2025-05-19 13:06:59', '2025-05-19 13:06:59'),
(14, 3, 49, 'comment', '2025-05-19 13:26:30', '2025-05-19 13:26:30'),
(16, 2, 63, 'dsfdsfd', '2025-05-21 08:12:18', '2025-05-21 08:12:18'),
(17, 2, 63, 'lijhjn', '2025-05-21 08:14:28', '2025-05-21 08:14:28'),
(18, 2, 62, 'gthyth', '2025-05-21 08:15:20', '2025-05-21 08:15:20'),
(25, 11, 105, 'fdhfghdfgh', '2025-05-21 12:34:07', '2025-05-21 12:34:07'),
(28, 2, 101, 'scomment', '2025-05-24 19:41:39', '2025-05-24 19:41:39'),
(29, 2, 52, 'comment', '2025-05-24 19:41:51', '2025-05-24 19:41:51'),
(30, 2, 55, 'sadsd', '2025-05-25 08:58:24', '2025-05-25 08:58:24'),
(31, 2, 55, 'hello', '2025-05-25 09:08:04', '2025-05-25 09:08:04'),
(32, 2, 55, 'hello', '2025-05-25 09:55:33', '2025-05-25 09:55:33'),
(34, 2, 50, 'new comment', '2025-05-25 13:10:40', '2025-05-25 13:10:40'),
(35, 2, 62, 'SADAD', '2025-05-25 19:17:26', '2025-05-25 19:17:26'),
(36, 7, 26, 'hello', '2025-05-28 11:21:25', '2025-05-28 11:21:25'),
(37, 7, 63, 'new comment', '2025-05-28 15:32:54', '2025-05-28 15:32:54'),
(38, 11, 62, 'new add comment', '2025-05-29 07:35:02', '2025-05-29 07:35:02'),
(39, 11, 10, 'post comment', '2025-05-29 09:19:40', '2025-05-29 09:19:40'),
(40, 11, 53, 'hello everyOne', '2025-05-29 12:49:39', '2025-05-29 12:49:39'),
(41, 7, 106, 'hay', '2025-05-29 12:54:15', '2025-05-29 12:54:15'),
(42, 7, 106, 'hay 2', '2025-05-29 13:12:00', '2025-05-29 13:12:00'),
(43, 7, 106, 'hay 3', '2025-05-29 13:15:12', '2025-05-29 13:15:12'),
(44, 7, 106, 'hay  i am  rajesh', '2025-05-29 13:18:02', '2025-05-29 13:18:02'),
(45, 7, 106, 'new comment', '2025-05-29 13:36:53', '2025-05-29 13:36:53'),
(47, 7, 106, 'new Data', '2025-05-29 13:41:15', '2025-05-29 13:41:15'),
(52, 2, 48, 'hay', '2025-05-30 05:52:07', '2025-05-30 05:52:07'),
(53, 2, 50, 'hay', '2025-05-30 05:52:13', '2025-05-30 05:52:13'),
(54, 2, 108, 'this is a video', '2025-05-30 05:52:34', '2025-05-30 05:52:34'),
(55, 2, 108, 'video', '2025-05-30 05:52:42', '2025-05-30 05:52:42'),
(56, 2, 109, 'i comment', '2025-05-30 05:53:06', '2025-05-30 05:53:06'),
(57, 2, 110, 'hay', '2025-05-30 05:53:21', '2025-05-30 05:53:21'),
(58, 2, 110, 'new comment', '2025-05-30 05:54:04', '2025-05-30 05:54:04'),
(59, 10, 26, 'I am vikram', '2025-05-30 06:09:10', '2025-05-30 06:09:10'),
(60, 10, 57, 'I am vikram', '2025-05-30 06:09:26', '2025-05-30 06:09:26'),
(61, 10, 10, 'I am vikram', '2025-05-30 06:09:31', '2025-05-30 06:09:31'),
(62, 10, 113, 'I am vikram', '2025-05-30 06:09:35', '2025-05-30 06:09:35'),
(63, 10, 49, 'I am vikram', '2025-05-30 06:09:42', '2025-05-30 06:09:42'),
(64, 10, 43, 'I am vikram', '2025-05-30 06:09:46', '2025-05-30 06:09:46'),
(65, 10, 105, 'I am vikram', '2025-05-30 06:09:50', '2025-05-30 06:09:50'),
(66, 10, 50, 'I am vikram', '2025-05-30 06:09:54', '2025-05-30 06:09:54'),
(67, 10, 112, 'I am vikram', '2025-05-30 06:09:59', '2025-05-30 06:09:59'),
(69, 10, 110, 'I am vikram', '2025-05-30 06:10:11', '2025-05-30 06:10:11'),
(70, 10, 45, 'I am vikram', '2025-05-30 06:10:16', '2025-05-30 06:10:16'),
(71, 10, 33, 'I am vikram', '2025-05-30 06:10:20', '2025-05-30 06:10:20'),
(72, 10, 109, 'I am vikram', '2025-05-30 06:10:26', '2025-05-30 06:10:26'),
(73, 10, 111, 'I am vikram', '2025-05-30 06:10:31', '2025-05-30 06:10:31'),
(74, 10, 54, 'I am vikram', '2025-05-30 06:10:35', '2025-05-30 06:10:35'),
(75, 10, 56, 'I am vikram', '2025-05-30 06:10:40', '2025-05-30 06:10:40'),
(76, 10, 101, 'I am vikram', '2025-05-30 06:10:45', '2025-05-30 06:10:45'),
(77, 10, 12, 'I am vikram', '2025-05-30 06:10:51', '2025-05-30 06:10:51'),
(78, 10, 11, 'I am vikram', '2025-05-30 06:10:55', '2025-05-30 06:10:55'),
(79, 10, 29, 'I am vikram', '2025-05-30 06:11:00', '2025-05-30 06:11:00'),
(80, 10, 108, 'I am vikram', '2025-05-30 06:11:07', '2025-05-30 06:11:07'),
(81, 10, 53, 'I am vikram', '2025-05-30 06:11:25', '2025-05-30 06:11:25'),
(82, 10, 55, 'I am vikram', '2025-05-30 06:11:33', '2025-05-30 06:11:33'),
(83, 10, 21, 'I am vikram', '2025-05-30 06:11:39', '2025-05-30 06:11:39'),
(84, 10, 39, 'I am vikram', '2025-05-30 06:11:46', '2025-05-30 06:11:46'),
(85, 10, 60, 'I am vikram', '2025-05-30 06:11:52', '2025-05-30 06:11:52'),
(86, 10, 31, 'I am vikram', '2025-05-30 06:11:55', '2025-05-30 06:11:55'),
(87, 10, 50, 'I am vikram', '2025-05-30 06:12:02', '2025-05-30 06:12:02'),
(88, 10, 54, 'I am vikram', '2025-05-30 06:12:05', '2025-05-30 06:12:05'),
(89, 10, 110, 'I am vikram', '2025-05-30 06:12:09', '2025-05-30 06:12:09'),
(90, 10, 113, 'I am vikram', '2025-05-30 06:12:13', '2025-05-30 06:12:13'),
(91, 10, 114, 'I am vikram', '2025-05-30 06:12:17', '2025-05-30 06:12:17'),
(92, 10, 26, 'I am vikram', '2025-05-30 06:12:22', '2025-05-30 06:12:22'),
(93, 10, 57, 'I am vikram', '2025-05-30 06:12:27', '2025-05-30 06:12:27'),
(94, 10, 10, 'I am vikram', '2025-05-30 06:12:31', '2025-05-30 06:12:31'),
(95, 10, 20, 'I am vikram', '2025-05-30 06:12:35', '2025-05-30 06:12:35'),
(96, 10, 20, 'I am vikram', '2025-05-30 06:12:38', '2025-05-30 06:12:38'),
(97, 10, 62, 'I am vikram', '2025-05-30 06:12:42', '2025-05-30 06:12:42'),
(99, 10, 56, 'I am vikram', '2025-05-30 06:12:51', '2025-05-30 06:12:51'),
(100, 10, 52, 'I am vikram', '2025-05-30 06:12:55', '2025-05-30 06:12:55'),
(101, 10, 63, 'I am vikram', '2025-05-30 06:12:58', '2025-05-30 06:12:58'),
(102, 10, 12, 'I am vikram', '2025-05-30 06:13:02', '2025-05-30 06:13:02'),
(103, 10, 49, 'I am vikram', '2025-05-30 06:13:06', '2025-05-30 06:13:06'),
(104, 10, 106, 'I am vikram', '2025-05-30 06:13:10', '2025-05-30 06:13:10'),
(105, 10, 43, 'I am vikram', '2025-05-30 06:13:13', '2025-05-30 06:13:13'),
(106, 8, 53, 'I am khushal', '2025-05-30 06:18:40', '2025-05-30 06:18:40'),
(107, 8, 53, 'I am khushal', '2025-05-30 06:18:51', '2025-05-30 06:18:51'),
(108, 8, 113, 'I am kushal', '2025-05-30 06:19:06', '2025-05-30 06:19:06'),
(109, 8, 31, 'I am kushal', '2025-05-30 06:19:10', '2025-05-30 06:19:10'),
(110, 8, 110, 'I am kushal', '2025-05-30 06:19:15', '2025-05-30 06:19:15'),
(111, 8, 56, 'I am kushal', '2025-05-30 06:19:20', '2025-05-30 06:19:20'),
(112, 8, 43, 'I am kushal', '2025-05-30 06:19:24', '2025-05-30 06:19:24'),
(113, 8, 57, 'I am kushal', '2025-05-30 06:19:29', '2025-05-30 06:19:29'),
(114, 8, 62, 'I am kushal', '2025-05-30 06:19:35', '2025-05-30 06:19:35'),
(115, 8, 20, 'I am kushal', '2025-05-30 06:19:42', '2025-05-30 06:19:42'),
(116, 8, 48, 'I am kushal', '2025-05-30 06:19:47', '2025-05-30 06:19:47'),
(117, 8, 106, 'I am kushal', '2025-05-30 06:19:50', '2025-05-30 06:19:50'),
(118, 8, 33, 'I am kushal', '2025-05-30 06:19:54', '2025-05-30 06:19:54'),
(119, 8, 54, 'I am kushal', '2025-05-30 06:19:58', '2025-05-30 06:19:58'),
(122, 11, 116, 'i am ravindra', '2025-05-30 06:23:29', '2025-05-30 06:23:29'),
(123, 11, 115, 'i am ravindra', '2025-05-30 06:23:36', '2025-05-30 06:23:36'),
(125, 4, 109, 'i am suresh', '2025-05-30 06:26:31', '2025-05-30 06:26:31'),
(126, 4, 55, 'i am suresh', '2025-05-30 06:26:36', '2025-05-30 06:26:36'),
(127, 4, 63, 'i am suresh', '2025-05-30 06:26:40', '2025-05-30 06:26:40'),
(128, 4, 29, 'i am suresh', '2025-05-30 06:27:19', '2025-05-30 06:27:19'),
(129, 4, 48, 'i am suresh', '2025-05-30 06:27:23', '2025-05-30 06:27:23'),
(130, 4, 52, 'i am suresh', '2025-05-30 06:27:47', '2025-05-30 06:27:47'),
(131, 4, 60, 'i am suresh', '2025-05-30 06:27:51', '2025-05-30 06:27:51'),
(132, 4, 45, 'i am suresh', '2025-05-30 06:27:54', '2025-05-30 06:27:54'),
(133, 4, 10, 'i am suresh', '2025-05-30 06:27:59', '2025-05-30 06:27:59'),
(134, 4, 54, 'i am suresh', '2025-05-30 06:28:03', '2025-05-30 06:28:03'),
(135, 4, 21, 'i am suresh', '2025-05-30 06:28:08', '2025-05-30 06:28:08'),
(136, 4, 113, 'i am suresh', '2025-05-30 06:28:12', '2025-05-30 06:28:12'),
(137, 4, 57, 'i am suresh', '2025-05-30 06:28:16', '2025-05-30 06:28:16'),
(138, 4, 101, 'i am suresh', '2025-05-30 06:28:20', '2025-05-30 06:28:20'),
(139, 4, 39, 'i am suresh', '2025-05-30 06:28:23', '2025-05-30 06:28:23'),
(140, 4, 105, 'i am suresh', '2025-05-30 06:28:27', '2025-05-30 06:28:27'),
(142, 4, 114, 'i am suresh', '2025-05-30 06:28:34', '2025-05-30 06:28:34'),
(143, 4, 12, 'i am suresh', '2025-05-30 06:28:38', '2025-05-30 06:28:38'),
(144, 4, 20, 'i am suresh', '2025-05-30 06:28:42', '2025-05-30 06:28:42'),
(145, 4, 11, 'i am suresh', '2025-05-30 06:28:45', '2025-05-30 06:28:45'),
(146, 4, 111, 'i am suresh', '2025-05-30 06:28:51', '2025-05-30 06:28:51'),
(147, 4, 62, 'i am suresh', '2025-05-30 06:28:55', '2025-05-30 06:28:55'),
(148, 4, 6, 'i am suresh', '2025-05-30 06:28:59', '2025-05-30 06:28:59'),
(149, 4, 6, 'nice smile', '2025-05-30 06:29:30', '2025-05-30 06:29:30'),
(150, 4, 116, 'commented by suresh', '2025-05-30 06:30:30', '2025-05-30 06:30:30'),
(151, 4, 49, 'i am suresh', '2025-05-30 06:30:35', '2025-05-30 06:30:35'),
(152, 4, 108, 'techonologiya', '2025-05-30 06:30:53', '2025-05-30 06:30:53'),
(153, 4, 33, 'i am suresh', '2025-05-30 06:30:57', '2025-05-30 06:30:57'),
(154, 4, 108, 'i am suresh', '2025-05-30 06:31:00', '2025-05-30 06:31:00'),
(155, 4, 33, 'i am suresh', '2025-05-30 06:31:03', '2025-05-30 06:31:03'),
(156, 4, 43, 'i am suresh', '2025-05-30 06:31:07', '2025-05-30 06:31:07'),
(158, 4, 110, 'ravindra0000', '2025-05-30 06:32:16', '2025-05-30 06:32:16'),
(159, 4, 56, 'i am suresh', '2025-05-30 06:32:36', '2025-05-30 06:32:36'),
(160, 4, 26, 'i am suresh', '2025-05-30 06:32:41', '2025-05-30 06:32:41'),
(161, 4, 53, 'i am suresh', '2025-05-30 06:32:45', '2025-05-30 06:32:45'),
(162, 4, 112, 'i am suresh', '2025-05-30 06:32:49', '2025-05-30 06:32:49'),
(163, 4, 31, 'i am suresh', '2025-05-30 06:32:54', '2025-05-30 06:32:54'),
(164, 4, 115, 'i am suresh', '2025-05-30 06:32:59', '2025-05-30 06:32:59'),
(165, 4, 31, 'this is my post', '2025-05-30 06:33:11', '2025-05-30 06:33:11'),
(168, 4, 120, 'hay', '2025-05-30 10:42:53', '2025-05-30 10:42:53'),
(169, 4, 120, 'i am suresh', '2025-05-30 10:43:00', '2025-05-30 10:43:00'),
(170, 4, 156, 'politics', '2025-05-30 10:43:23', '2025-05-30 10:43:23'),
(171, 4, 156, 'political', '2025-05-30 10:43:39', '2025-05-30 10:43:39'),
(172, 4, 157, 'technologiya', '2025-05-30 10:43:52', '2025-05-30 10:43:52'),
(173, 4, 158, 'pm', '2025-05-30 10:45:43', '2025-05-30 10:45:43'),
(174, 4, 158, 'hay', '2025-05-30 10:45:51', '2025-05-30 10:45:51'),
(175, 4, 120, 'my comment', '2025-05-30 10:58:59', '2025-05-30 10:58:59'),
(177, 2, 106, 'me', '2025-05-30 11:46:48', '2025-05-30 11:46:48'),
(180, 2, 53, 'i am mehesh', '2025-05-30 11:49:11', '2025-05-30 11:49:11'),
(181, 2, 53, 'yes i am mahesh', '2025-05-30 11:49:28', '2025-05-30 11:49:28'),
(185, 2, 113, 'technologiya', '2025-05-30 13:11:16', '2025-05-30 13:11:16');

-- --------------------------------------------------------

--
-- Table structure for table `twitter_post_comments_reply`
--

CREATE TABLE `twitter_post_comments_reply` (
  `id` int(11) NOT NULL,
  `user_id` int(11) NOT NULL,
  `post_id` int(11) NOT NULL,
  `comment_id` int(11) NOT NULL,
  `comment_reply` varchar(1000) NOT NULL,
  `created_at` timestamp NOT NULL DEFAULT current_timestamp(),
  `present_reply_id` int(11) DEFAULT NULL
) ENGINE=InnoDB DEFAULT CHARSET=utf8mb4 COLLATE=utf8mb4_general_ci;

--
-- Dumping data for table `twitter_post_comments_reply`
--

INSERT INTO `twitter_post_comments_reply` (`id`, `user_id`, `post_id`, `comment_id`, `comment_reply`, `created_at`, `present_reply_id`) VALUES
(11, 2, 62, 35, 'helo', '2025-05-25 19:48:41', NULL),
(12, 2, 62, 18, 'hy', '2025-05-25 19:48:47', NULL),
(13, 2, 55, 32, 'hello', '2025-05-25 20:55:22', NULL),
(14, 2, 55, 31, 'helo', '2025-05-25 20:55:31', NULL),
(17, 2, 63, 17, 'hello', '2025-05-25 21:42:24', NULL),
(19, 2, 63, 16, 'hello', '2025-05-25 21:43:50', NULL),
(23, 2, 55, 32, 'ass', '2025-05-27 19:24:20', NULL),
(24, 2, 55, 32, 'sASQS', '2025-05-27 19:24:28', NULL),
(32, 7, 48, 9, 'new', '2025-05-28 10:39:04', NULL),
(33, 7, 48, 9, 'new 2', '2025-05-28 10:39:13', NULL),
(34, 7, 48, 9, 'new 3', '2025-05-28 10:39:21', NULL),
(35, 7, 48, 9, 'new 4', '2025-05-28 10:39:28', NULL),
(36, 7, 48, 9, 'new 5', '2025-05-28 10:39:35', NULL),
(37, 7, 48, 8, 'hello1', '2025-05-28 10:39:48', NULL),
(38, 7, 48, 8, 'hello 2', '2025-05-28 10:39:55', NULL),
(39, 7, 48, 8, 'hello 3', '2025-05-28 10:40:01', NULL),
(40, 7, 48, 8, 'hello 4', '2025-05-28 10:40:09', NULL),
(41, 7, 48, 7, 'noon1', '2025-05-28 10:40:17', NULL),
(42, 7, 48, 7, 'noon2', '2025-05-28 10:40:25', NULL),
(45, 2, 48, 9, 'this is my reply', '2025-05-28 10:42:28', NULL),
(46, 7, 48, 9, 'new data', '2025-05-28 11:01:15', NULL),
(52, 7, 48, 9, 'new comment', '2025-05-28 11:53:13', NULL),
(55, 7, 48, 9, 'new reply', '2025-05-28 13:23:41', NULL),
(56, 7, 48, 9, 'i am rajesh', '2025-05-28 13:44:58', NULL),
(57, 7, 63, 17, 'new reply', '2025-05-28 15:33:31', NULL),
(58, 7, 63, 17, 'new reply', '2025-05-28 15:33:42', NULL),
(59, 7, 63, 17, 'new reply 3', '2025-05-28 15:34:03', NULL),
(60, 7, 63, 17, 'new data', '2025-05-28 15:37:09', NULL),
(61, 7, 63, 17, 'again new comment', '2025-05-28 15:40:43', NULL),
(62, 7, 63, 17, 'new', '2025-05-28 15:41:23', NULL),
(63, 7, 63, 17, 'new again', '2025-05-28 15:41:30', NULL),
(64, 7, 63, 17, 'comment  reply 10', '2025-05-28 15:41:43', NULL),
(68, 7, 63, 17, 'hello 1', '2025-05-28 17:02:11', 64),
(69, 7, 63, 17, 'hello 12', '2025-05-28 17:02:42', 64),
(70, 7, 63, 17, 'new comment', '2025-05-28 17:09:58', NULL),
(71, 7, 63, 17, 'reply', '2025-05-28 17:23:59', 64),
(72, 7, 63, 17, 'reply 1', '2025-05-28 17:26:19', 71),
(73, 7, 63, 17, 'reply 2', '2025-05-28 17:26:29', 71),
(74, 7, 63, 17, 'reply 1', '2025-05-28 17:26:41', 70),
(75, 7, 63, 17, 'new reply', '2025-05-28 17:27:05', 74),
(76, 7, 63, 17, 'reply 1', '2025-05-28 17:56:25', 17),
(77, 7, 63, 17, 'reply 2', '2025-05-28 17:56:31', 17),
(78, 7, 63, 17, 'reply 3', '2025-05-28 17:56:37', 17),
(82, 7, 63, 17, 'reply 1', '2025-05-28 17:56:58', 57),
(83, 7, 63, 17, 'reply 2', '2025-05-28 17:57:04', 57),
(84, 7, 63, 17, 'reply 1', '2025-05-28 17:57:10', 58),
(85, 7, 63, 17, 'reply 1', '2025-05-28 17:57:14', 59),
(86, 7, 63, 17, 'reply 1', '2025-05-28 17:57:19', 60),
(87, 7, 63, 17, 'reply 1', '2025-05-28 17:57:24', 61),
(88, 7, 63, 17, 'reply 2', '2025-05-28 17:57:33', 58),
(89, 7, 63, 17, 'reply 2', '2025-05-28 17:57:36', 59),
(90, 7, 63, 17, 'reply 2', '2025-05-28 17:57:41', 62),
(91, 7, 63, 17, 'reply 2', '2025-05-28 17:57:45', 63),
(92, 7, 63, 17, 'reply 1', '2025-05-28 17:57:49', 63),
(93, 7, 63, 17, 'reply 1', '2025-05-28 17:57:55', 62),
(94, 7, 63, 17, 'reply 22', '2025-05-28 17:58:00', 61),
(95, 7, 63, 17, 'hello', '2025-05-28 17:58:06', 68),
(96, 7, 63, 17, 'hay', '2025-05-28 17:58:11', 69),
(97, 7, 63, 17, 'reply 4', '2025-05-28 17:58:24', 74),
(98, 7, 63, 17, 'reply52', '2025-05-28 17:58:29', 74),
(99, 7, 63, 17, 'reply 21212', '2025-05-28 17:58:37', 75),
(102, 11, 62, 18, 'new comment', '2025-05-29 06:47:53', NULL),
(103, 11, 62, 18, 'comment 1', '2025-05-29 06:48:21', 102),
(104, 11, 62, 18, 'comment 2', '2025-05-29 06:48:26', 102),
(105, 11, 62, 18, 'new 1', '2025-05-29 06:48:34', 12),
(106, 11, 62, 18, 'new 2', '2025-05-29 06:48:40', 12),
(107, 11, 62, 18, 'new 3', '2025-05-29 06:48:47', 12),
(108, 11, 62, 18, 'new 4', '2025-05-29 06:48:53', 12),
(109, 11, 62, 35, 'new', '2025-05-29 07:01:44', 11),
(110, 11, 62, 35, 'comment 2', '2025-05-29 07:01:53', 35),
(111, 11, 62, 35, 'comment 3', '2025-05-29 07:02:10', NULL),
(112, 11, 62, 35, 'comment 3', '2025-05-29 07:02:17', NULL),
(113, 11, 62, 38, 'hello', '2025-05-29 07:35:12', NULL),
(114, 11, 62, 35, 'new', '2025-05-29 07:37:18', 11),
(115, 11, 62, 35, 'hay', '2025-05-29 07:38:11', 112),
(116, 11, 62, 35, 'hay2', '2025-05-29 08:13:02', 112),
(119, 11, 62, 35, 'hay 3', '2025-05-29 08:24:12', 112),
(120, 11, 62, 35, 'hay', '2025-05-29 08:29:20', 119),
(121, 11, 62, 35, 'hay bro', '2025-05-29 08:29:30', 116),
(122, 11, 62, 35, 'hay 2', '2025-05-29 08:29:35', 116),
(123, 11, 62, 35, 'hay 3', '2025-05-29 08:29:44', 116),
(124, 11, 62, 35, 'hello', '2025-05-29 08:29:52', 115),
(125, 11, 62, 35, 'hay', '2025-05-29 08:30:03', 115),
(126, 11, 62, 35, 'hay 4', '2025-05-29 08:30:22', 112),
(127, 11, 62, 35, 'hay 3 1', '2025-05-29 09:12:30', 119),
(128, 11, 62, 35, 'comment 1', '2025-05-29 09:17:15', 115),
(129, 11, 62, 35, 'comment 2', '2025-05-29 09:17:23', 115),
(130, 11, 62, 35, 'comment 3', '2025-05-29 09:17:31', 115),
(131, 11, 62, 35, 'hello 1', '2025-05-29 09:18:00', 124),
(132, 11, 62, 35, 'hello 2', '2025-05-29 09:18:06', 124),
(133, 11, 62, 35, 'hello 3', '2025-05-29 09:18:12', 124),
(134, 11, 62, 35, 'hay1', '2025-05-29 09:18:20', 125),
(135, 11, 62, 35, 'comment 1', '2025-05-29 09:18:28', 128),
(136, 11, 62, 35, 'hello', '2025-05-29 09:18:48', 129),
(137, 11, 10, 39, 'post comment  reply', '2025-05-29 09:20:00', NULL),
(138, 11, 10, 39, 'post coment reply 2', '2025-05-29 09:20:18', NULL),
(139, 11, 10, 39, 'post comment reply 3', '2025-05-29 09:20:45', NULL),
(140, 11, 10, 39, 'post comment reply/reply', '2025-05-29 09:22:54', 138),
(141, 11, 10, 39, 'post comment reply/reply 1', '2025-05-29 09:23:12', 138),
(142, 11, 10, 39, 'dfgfgdsg', '2025-05-29 09:23:52', 141),
(143, 11, 10, 39, 'fhfgjg', '2025-05-29 09:23:55', 141),
(144, 11, 10, 39, 'hgjfghjhj', '2025-05-29 09:23:58', 141),
(145, 11, 10, 39, 'hjggj', '2025-05-29 09:24:01', 141),
(146, 11, 10, 39, 'gjghjhk', '2025-05-29 09:24:04', 140),
(147, 11, 10, 39, 'jhkuytyut', '2025-05-29 09:24:07', 140),
(148, 11, 10, 39, 'yjhgnb v', '2025-05-29 09:24:11', 140),
(149, 11, 10, 39, 'jfghjhj', '2025-05-29 09:24:15', 138),
(150, 2, 110, 57, 'hay 1', '2025-05-30 05:53:30', NULL),
(151, 10, 106, 41, 'I am vikram', '2025-05-30 06:13:39', NULL),
(152, 10, 106, 42, 'I am vikram', '2025-05-30 06:13:42', NULL),
(153, 10, 106, 43, 'I am vikram', '2025-05-30 06:13:48', NULL),
(154, 10, 106, 44, 'I am vikram', '2025-05-30 06:13:51', NULL),
(155, 10, 106, 45, 'I am vikram', '2025-05-30 06:13:54', NULL),
(157, 10, 106, 47, 'I am vikram', '2025-05-30 06:14:05', NULL),
(162, 10, 106, 104, 'I am vikram', '2025-05-30 06:14:24', NULL),
(163, 10, 106, 104, 'I am vikram 1', '2025-05-30 06:14:33', 162),
(164, 10, 106, 104, 'I am vikram 2', '2025-05-30 06:14:42', 163),
(165, 10, 106, 104, 'I am vikram 3', '2025-05-30 06:14:49', 164),
(166, 10, 106, 104, 'I am vikram 4', '2025-05-30 06:14:56', 165),
(167, 10, 106, 104, 'I am vikram 5', '2025-05-30 06:15:04', 166),
(168, 10, 106, 104, 'I am vikram 6', '2025-05-30 06:15:11', 167),
(169, 10, 106, 104, 'I am vikram 6', '2025-05-30 06:15:20', 168),
(170, 4, 33, 71, 'hello vikram I am suresh', '2025-05-30 07:51:04', NULL),
(171, 4, 33, 118, 'hello kushal i am suresh', '2025-05-30 07:52:10', NULL),
(172, 4, 33, 3, 'i am suresh', '2025-05-30 07:52:27', NULL),
(173, 4, 33, 71, 'hay', '2025-05-30 07:53:05', 170),
(174, 4, 33, 71, 'hello', '2025-05-30 07:53:16', 170),
(175, 4, 33, 71, 'yes i am suresh', '2025-05-30 07:54:29', 174),
(176, 4, 33, 71, 'hay i am suresh', '2025-05-30 07:54:46', 173),
(177, 4, 6, 149, 'njnjk', '2025-05-30 08:18:40', NULL),
(178, 4, 6, 149, 'dfgdfgdf', '2025-05-30 08:19:39', 177),
(179, 4, 6, 149, 'dfgdfg', '2025-05-30 08:19:43', 177),
(180, 4, 6, 149, 'gfgnh', '2025-05-30 08:19:50', 179),
(181, 4, 6, 149, 'dfgdfg', '2025-05-30 08:19:54', 180),
(182, 4, 6, 149, 'fghhg', '2025-05-30 08:20:05', NULL),
(183, 4, 6, 149, 'gfhfgh', '2025-05-30 08:20:13', NULL),
(184, 4, 6, 149, 'hghj', '2025-05-30 08:20:20', 183),
(185, 4, 115, 164, 'dfg', '2025-05-30 08:21:02', NULL),
(186, 4, 115, 164, 'dfg', '2025-05-30 08:21:05', NULL),
(187, 2, 106, 104, 'hay', '2025-05-30 13:20:42', NULL),
(188, 2, 106, 104, 'i am mahesh', '2025-05-30 13:20:51', NULL),
(189, 2, 106, 104, 'hay', '2025-05-30 13:21:06', 188),
(190, 2, 106, 104, 'hay', '2025-05-30 13:21:10', 187),
(191, 9, 54, 134, 'hay', '2025-05-30 13:56:49', NULL);

-- --------------------------------------------------------

--
-- Table structure for table `twitter_users`
--

CREATE TABLE `twitter_users` (
  `id` int(11) NOT NULL,
  `username` varchar(255) DEFAULT NULL,
  `name` varchar(255) DEFAULT NULL,
  `email` varchar(255) DEFAULT NULL,
  `password` varchar(255) DEFAULT NULL,
  `dob` date DEFAULT NULL,
  `bio` varchar(255) DEFAULT NULL,
  `join_date` date DEFAULT NULL,
  `profile_picture` varchar(255) DEFAULT NULL,
  `cover_picture` varchar(255) DEFAULT NULL,
  `created_at` timestamp NOT NULL DEFAULT current_timestamp(),
  `updated_at` timestamp NOT NULL DEFAULT current_timestamp() ON UPDATE current_timestamp()
) ENGINE=InnoDB DEFAULT CHARSET=utf8mb4 COLLATE=utf8mb4_general_ci;

--
-- Dumping data for table `twitter_users`
--

INSERT INTO `twitter_users` (`id`, `username`, `name`, `email`, `password`, `dob`, `bio`, `join_date`, `profile_picture`, `cover_picture`, `created_at`, `updated_at`) VALUES
(2, 'mahesh_0909', 'Mahesh kumar', 'mahesh67003@gmail.com', 'mahesh0000', '2025-05-08', 'mr mahesh solanki', '2025-05-11', '1747817771.jpg', '1747817771.jpg', '2025-05-11 09:43:01', '2025-05-21 08:56:11'),
(3, '__rajeshmali09', 'Rajesh Mali', 'rajeshk67003@gmail.com', 'rajesh0000', '2002-07-18', 'web developer', '2025-05-13', '1747139116.jpg', '1747139116.jpg', '2025-05-13 12:24:23', '2025-05-13 12:26:20'),
(4, 'suresh_0000', 'Suresh Kumar', 'sureshmali0000@gmail.com', 'suresh0000', '2000-07-17', 'mr suresh Kumar mali', '2025-05-14', '1747220918.jpg', '1748602683.jpg', '2025-05-14 10:53:14', '2025-05-30 10:58:03'),
(6, 'ashish0000', 'Ashish Didiya', 'ashishdodiya09@gmail.com', 'ashish0000', '2002-12-25', '', '2025-05-17', '1747464401.png', '1747464508.jpg', '2025-05-17 06:45:38', '2025-05-17 06:48:28'),
(7, 'mr_ravi0909', 'Ravi Mali', 'ravimali22@gmail.com', 'ravi0000', '2003-04-02', 'I am Ravi mali', '2025-05-17', '1748433175.jpg', '1747471584.jpg', '2025-05-17 08:41:27', '2025-05-28 11:52:55'),
(8, 'kushal_00', 'Kushal singh', 'kushal@gmail.com', 'kushal0000', '2025-05-15', 'efcsdfssads', '2025-05-19', '1747632068.png', '1747632068.jpg', '2025-05-19 05:20:13', '2025-05-19 05:21:08'),
(9, 'harish0000', 'Harish mali', 'harishmali@gmail.com', 'harish0000', '2025-05-16', '', '2025-05-19', '1747632382.jpg', '1747632382.jpg', '2025-05-19 05:25:13', '2025-05-19 05:26:22'),
(10, 'vikram0000', 'Vikram kumar', 'vikram0909@gmail.com', 'vikram0000', '2010-07-22', 'new user', '2025-05-19', '1747648963.jpg', '1747648963.jpg', '2025-05-19 09:57:31', '2025-05-19 10:02:43'),
(11, 'ravindra0000', 'Ravindra singh', 'harsha1122@gmail.com', 'harsha0000', '2025-05-15', 'mr ravindra', '2025-05-20', '', '', '2025-05-20 05:24:35', '2025-05-20 05:25:12');

--
-- Indexes for dumped tables
--

--
-- Indexes for table `twitters_post_likes`
--
ALTER TABLE `twitters_post_likes`
  ADD PRIMARY KEY (`id`),
  ADD KEY `user_id` (`user_id`),
  ADD KEY `post_id` (`post_id`);

--
-- Indexes for table `twitter_followers`
--
ALTER TABLE `twitter_followers`
  ADD PRIMARY KEY (`id`),
  ADD KEY `followers` (`followers`),
  ADD KEY `following` (`following`);

--
-- Indexes for table `twitter_notifications`
--
ALTER TABLE `twitter_notifications`
  ADD PRIMARY KEY (`id`),
  ADD KEY `user_id` (`user_id`),
  ADD KEY `sender_id` (`sender_id`),
  ADD KEY `post_id` (`post_id`);

--
-- Indexes for table `twitter_posts`
--
ALTER TABLE `twitter_posts`
  ADD PRIMARY KEY (`id`),
  ADD KEY `user_id` (`user_id`);

--
-- Indexes for table `twitter_post_comments`
--
ALTER TABLE `twitter_post_comments`
  ADD PRIMARY KEY (`id`),
  ADD KEY `user_id` (`user_id`),
  ADD KEY `post_id` (`post_id`);

--
-- Indexes for table `twitter_post_comments_reply`
--
ALTER TABLE `twitter_post_comments_reply`
  ADD PRIMARY KEY (`id`),
  ADD KEY `user_id` (`user_id`),
  ADD KEY `post_id` (`post_id`),
  ADD KEY `comment_id` (`comment_id`),
  ADD KEY `fk_present_reply` (`present_reply_id`);

--
-- Indexes for table `twitter_users`
--
ALTER TABLE `twitter_users`
  ADD PRIMARY KEY (`id`);

--
-- AUTO_INCREMENT for dumped tables
--

--
-- AUTO_INCREMENT for table `twitters_post_likes`
--
ALTER TABLE `twitters_post_likes`
  MODIFY `id` int(11) NOT NULL AUTO_INCREMENT, AUTO_INCREMENT=303;

--
-- AUTO_INCREMENT for table `twitter_followers`
--
ALTER TABLE `twitter_followers`
  MODIFY `id` int(11) NOT NULL AUTO_INCREMENT, AUTO_INCREMENT=141;

--
-- AUTO_INCREMENT for table `twitter_notifications`
--
ALTER TABLE `twitter_notifications`
  MODIFY `id` int(11) NOT NULL AUTO_INCREMENT, AUTO_INCREMENT=233;

--
-- AUTO_INCREMENT for table `twitter_posts`
--
ALTER TABLE `twitter_posts`
  MODIFY `id` int(11) NOT NULL AUTO_INCREMENT, AUTO_INCREMENT=161;

--
-- AUTO_INCREMENT for table `twitter_post_comments`
--
ALTER TABLE `twitter_post_comments`
  MODIFY `id` int(11) NOT NULL AUTO_INCREMENT, AUTO_INCREMENT=186;

--
-- AUTO_INCREMENT for table `twitter_post_comments_reply`
--
ALTER TABLE `twitter_post_comments_reply`
  MODIFY `id` int(11) NOT NULL AUTO_INCREMENT, AUTO_INCREMENT=192;

--
-- AUTO_INCREMENT for table `twitter_users`
--
ALTER TABLE `twitter_users`
  MODIFY `id` int(11) NOT NULL AUTO_INCREMENT, AUTO_INCREMENT=12;

--
-- Constraints for dumped tables
--

--
-- Constraints for table `twitters_post_likes`
--
ALTER TABLE `twitters_post_likes`
  ADD CONSTRAINT `twitters_post_likes_ibfk_1` FOREIGN KEY (`user_id`) REFERENCES `twitter_users` (`id`) ON DELETE CASCADE,
  ADD CONSTRAINT `twitters_post_likes_ibfk_2` FOREIGN KEY (`post_id`) REFERENCES `twitter_posts` (`id`) ON DELETE CASCADE;

--
-- Constraints for table `twitter_followers`
--
ALTER TABLE `twitter_followers`
  ADD CONSTRAINT `twitter_followers_ibfk_1` FOREIGN KEY (`followers`) REFERENCES `twitter_users` (`id`) ON DELETE CASCADE,
  ADD CONSTRAINT `twitter_followers_ibfk_2` FOREIGN KEY (`following`) REFERENCES `twitter_users` (`id`) ON DELETE CASCADE;

--
-- Constraints for table `twitter_notifications`
--
ALTER TABLE `twitter_notifications`
  ADD CONSTRAINT `twitter_notifications_ibfk_1` FOREIGN KEY (`user_id`) REFERENCES `twitter_users` (`id`) ON DELETE CASCADE,
  ADD CONSTRAINT `twitter_notifications_ibfk_2` FOREIGN KEY (`sender_id`) REFERENCES `twitter_users` (`id`) ON DELETE CASCADE,
  ADD CONSTRAINT `twitter_notifications_ibfk_3` FOREIGN KEY (`post_id`) REFERENCES `twitter_posts` (`id`) ON DELETE CASCADE;

--
-- Constraints for table `twitter_posts`
--
ALTER TABLE `twitter_posts`
  ADD CONSTRAINT `twitter_posts_ibfk_1` FOREIGN KEY (`user_id`) REFERENCES `twitter_users` (`id`) ON DELETE CASCADE;

--
-- Constraints for table `twitter_post_comments`
--
ALTER TABLE `twitter_post_comments`
  ADD CONSTRAINT `twitter_post_comments_ibfk_1` FOREIGN KEY (`user_id`) REFERENCES `twitter_users` (`id`) ON DELETE CASCADE,
  ADD CONSTRAINT `twitter_post_comments_ibfk_2` FOREIGN KEY (`post_id`) REFERENCES `twitter_posts` (`id`) ON DELETE CASCADE;

--
-- Constraints for table `twitter_post_comments_reply`
--
ALTER TABLE `twitter_post_comments_reply`
  ADD CONSTRAINT `fk_present_reply` FOREIGN KEY (`present_reply_id`) REFERENCES `twitter_post_comments_reply` (`id`) ON DELETE CASCADE,
  ADD CONSTRAINT `twitter_post_comments_reply_ibfk_1` FOREIGN KEY (`user_id`) REFERENCES `twitter_users` (`id`) ON DELETE CASCADE,
  ADD CONSTRAINT `twitter_post_comments_reply_ibfk_2` FOREIGN KEY (`post_id`) REFERENCES `twitter_posts` (`id`) ON DELETE CASCADE,
  ADD CONSTRAINT `twitter_post_comments_reply_ibfk_3` FOREIGN KEY (`comment_id`) REFERENCES `twitter_post_comments` (`id`) ON DELETE CASCADE;
COMMIT;

/*!40101 SET CHARACTER_SET_CLIENT=@OLD_CHARACTER_SET_CLIENT */;
/*!40101 SET CHARACTER_SET_RESULTS=@OLD_CHARACTER_SET_RESULTS */;
/*!40101 SET COLLATION_CONNECTION=@OLD_COLLATION_CONNECTION */;
